max_label,label_0,label_1,label_2,label_3,lable_4,label_5,label_6
3,0.000000,0.001813,0.000053,0.997839,0.000019,0.000000,0.000277
