max_label,label_0,label_1,label_2,label_3,lable_4,label_5,label_6
1,0.000209,0.639983,0.008130,0.343327,0.003145,0.000034,0.005173
